"SYMBOL","COMPANY NAME","INDUSTRY","SERIES","ISINCODE","BSE CODE","Action"
"3MINDIA","3M INDIA LTD.","Diversified","EQ","INE470A01017","523395",""
"AARTIIND","AARTI INDUSTRIES LTD.","Specialty Chemicals","EQ","INE769A01020","524208",""
"AAVAS","AAVAS Financiers Ltd","Housing Finance","EQ","INE216P01012","541988",""
"ABB","ABB India Limited","Heavy Electrical Equipment","EQ","INE117A01022","500002",""
"ABBOTINDIA","ABBOTT INDIA LTD.","Pharmaceuticals","EQ","INE358A01014","500488",""
"ABCAPITAL","Aditya Birla Capital Ltd","Holding Companies","EQ","INE674K01013","500488",""
"ABFRL","Aditya Birla Fashion and Retail Ltd","Department Stores","EQ","INE647O01011","500488",""
"ACC","ACC LTD.","Cement & Cement Products","EQ","INE012A01025","500410",""
"ADANIENT","ADANI ENTERPRISES LTD.","Comm.Trading  & Distribution","EQ","INE423A01024","512599",""
"ADANIGAS","Adani Gas Ltd","Integrated Oil & Gas","EQ","INE399L01023","542066",""
"ADANIGREEN","Adani Green Energy Ltd","Heavy Electrical Equipment","EQ","INE364U01010","541450",""
"ADANIPORTS","ADANI PORTS AND SPECIAL ECONOMIC ZONE LTD.","Marine Port & Services","EQ","INE742F01042","532921",""
"ADANIPOWER","ADANI POWER LTD.","Electric Utilities","EQ","INE814H01011","533096",""
"ADANITRANS","Adani Transmission Ltd","Electric Utilities","EQ","INE931S01010","539254",""
"ADVENZYMES","Advanced Enzyme Technologies Ltd","Other Agricultural Products","EQ","INE837H01020","523269",""
"AEGISCHEM","Aegis Logistics Ltd.","OIL & GAS","EQ","INE208C01025","",""
"AFFLE","Affle (India) Ltd","Advertising & Media","EQ","INE00WC01019","542752",""
"AIAENG","AIA ENGINEERING LTD.","Other Industrial Goods","EQ","INE212H01026","537292",""
"AJANTPHARM","AJANTA PHARMA LTD.","Pharmaceuticals","EQ","INE031B01049","532331",""
"AKZOINDIA","Akzo Nobel India Limited","Furniture-Furnishing-Paints","EQ","INE133A01011","500710",""
"ALBK","ALLAHABAD BANK","Banks","","INE428A01015","",""
"ALKEM","Alkem Laboratories Ltd","Pharmaceuticals","EQ","INE540L01014","539523",""
"ALLCARGO","ALLCARGO LOGISTICS LTD.","Transportation - Logistics","EQ","INE418H01029","532749",""
"AMARAJABAT","AMARA RAJA BATTERIES LTD.","Auto Parts & Equipment","EQ","INE885A01032","500008",""
"AMBER","Amber Enterprises India Ltd","Consumer Electronics","EQ","INE371P01015","540902",""
"AMBUJACEM","AMBUJA CEMENTS LTD.","Cement & Cement Products","EQ","INE079A01024","500425",""
"APLAPOLLO","APL APOLLO TUBES LTD.","Iron & Steel Products","EQ","INE702C01019","533758",""
"APLLTD","ALEMBIC PHARMACEUTICALS LTD.","Pharmaceuticals","EQ","INE901L01018","533758",""
"APOLLOHOSP","APOLLO HOSPITALS ENTERPRISE LTD.","Healthcare Facilities","EQ","INE437A01024","508869",""
"APOLLOTYRE","APOLLO TYRES LTD.","Auto Tyres & Rubber Products","EQ","INE438A01022","500877",""
"ARVIND","ARVIND LTD.","Textiles","EQ","INE034A01011","500101",""
"ARVINDFASN","Arvind Fashions Ltd","Other Apparels & Accessories","EQ","INE955V01021","500101",""
"ASAHIINDIA","ASAHI INDIA GLASS LTD.","Auto Parts & Equipment","EQ","INE439A01020","515030",""
"ASHOKA","ASHOKA BUILDCON LTD.","Roads & Highways","EQ","INE442H01029","514286",""
"ASHOKLEY","ASHOK LEYLAND LTD.","Commercial Vehicles","EQ","INE208A01029","500477",""
"ASIANPAINT","ASIAN PAINTS LTD.","Furniture-Furnishing-Paints","EQ","INE021A01026","533271",""
"ASTERDM","Aster DM Healthcare Ltd","Healthcare Services","EQ","INE914M01019","540975",""
"ASTRAL","ASTRAL POLY TECHNIK LTD.","Plastic Products","EQ","INE006I01046","540975",""
"ASTRAZEN","ASTRAZENECA PHARMA INDIA LTD.","Pharmaceuticals","EQ","INE203A01020","506820",""
"ATUL","ATUL LTD.","Agrochemicals","EQ","INE100A01010","532759",""
"AUBANK","AU Small Finance Bank Ltd","Banks","EQ","INE949L01017","540611",""
"AUROPHARMA","AUROBINDO PHARMA LTD.","Pharmaceuticals","EQ","INE406A01037","524804",""
"AVANTIFEED","Avanti Feeds Ltd.","CONSUMER GOODS","EQ","INE871C01038","",""
"AXISBANK","AXIS BANK LTD.","Banks","EQ","INE238A01034","532215",""
"BAJAJ-AUTO","BAJAJ AUTO LTD.","2/3 Wheelers","EQ","INE917I01010","508933",""
"BAJAJCON","Bajaj Consumer Care Ltd","Personal Products","EQ","INE933K01021","533229",""
"BAJAJELEC","BAJAJ ELECTRICALS LTD.","Household Appliances","EQ","INE193E01025","500031",""
"BAJAJFINSV","BAJAJ FINSERV LTD.","Holding Companies","EQ","INE918I01018","532978",""
"BAJAJHLDNG","BAJAJ HOLDINGS & INVESTMENT LTD.","Holding Companies","EQ","INE118A01012","500490",""
"BAJFINANCE","Bajaj Finance Limited","Finance (including NBFCs)","EQ","INE296A01024","500490",""
"BALAJITELE","BALAJI TELEFILMS LTD.","Broadcasting & Cable TV","EQ","INE794B01026","500490",""
"BALKRISIND","BALKRISHNA INDUSTRIES LTD.","Auto Tyres & Rubber Products","EQ","INE787D01026","502355",""
"BALMLAWRIE","BALMER LAWRIE & CO.LTD.","Diversified","EQ","INE164A01016","523319",""
"BALRAMCHIN","BALRAMPUR CHINI MILLS LTD.","Sugar","EQ","INE119A01028","500038",""
"BANDHANBNK","Bandhan Bank Ltd","Banks","EQ","INE545U01014","541153",""
"BANKBARODA","BANK OF BARODA","Banks","EQ","INE028A01039","532134",""
"BANKINDIA","BANK OF INDIA","Banks","EQ","INE084A01016","532149",""
"BASF","BASF INDIA LTD.","Specialty Chemicals","EQ","INE373A01013","532149",""
"BATAINDIA","BATA INDIA LTD.","Footwear","EQ","INE176A01028","500043",""
"BAYERCROP","BAYER CROPSCIENCE LTD.","Agrochemicals","EQ","INE462A01022","506285",""
"BBTC","BOMBAY BURMAH TRADING CORP.LTD.","Tea & Coffee","EQ","INE050A01025","506285",""
"BDL","Bharat Dynamics Ltd","Defence","EQ","INE171Z01018","506285",""
"BEL","BHARAT ELECTRONICS LTD.","Defence","EQ","INE263A01024","500049",""
"BEML","BEML LTD.","Commercial Vehicles","EQ","INE258A01016","500049",""
"BERGEPAINT","BERGER PAINTS INDIA LTD.","Furniture-Furnishing-Paints","EQ","INE463A01038","500049",""
"BHARATFORG","BHARAT FORGE LTD.","Other Industrial Products","EQ","INE465A01025","500493",""
"BHARTIARTL","BHARTI AIRTEL LTD.","Telecom Services","EQ","INE397D01024","532454",""
"BHEL","BHARAT HEAVY ELECTRICALS LTD.","Heavy Electrical Equipment","EQ","INE257A01026","532454",""
"BIOCON","BIOCON LTD.","Biotechnology","EQ","INE376G01013","532523",""
"BIRLACORPN","BIRLA CORPORATION LTD.","Cement & Cement Products","EQ","INE340A01012","500335",""
"BLISSGVS","BLISS GVS PHARMA LTD.","Pharmaceuticals","EQ","INE416D01022","506197",""
"BLUEDART","BLUE DART EXPRESS LTD.","Transportation - Logistics","EQ","INE233B01017","526612",""
"BLUESTARCO","BLUE STAR LTD.","Consumer Electronics","EQ","INE472A01039","500067",""
"BOMDYEING","BOMBAY DYEING & MFG.CO.LTD.","Textiles","EQ","INE032A01023","500020",""
"BOSCHLTD","BOSCH LTD.","Auto Parts & Equipment","EQ","INE323A01026","500530",""
"BPCL","BHARAT PETROLEUM CORPORATION LTD.","Refineries/ Petro-Products","EQ","INE029A01011","500530",""
"BRIGADE","BRIGADE ENTERPRISES LTD.","Realty","EQ","INE791I01019","532929",""
"BRITANNIA","BRITANNIA INDUSTRIES LTD.","Packaged Foods","EQ","INE216A01030","500825",""
"BSE","BSE Ltd.","FINANCIAL SERVICES","EQ","INE118H01025","",""
"BSOFT","Birlasoft Ltd","IT Consulting & Software","EQ","INE836A01035","514045",""
"CADILAHC","CADILA HEALTHCARE LTD.","Pharmaceuticals","EQ","INE010B01027","532321",""
"CANBK","CANARA BANK","Banks","EQ","INE476A01014","532386",""
"CANFINHOME","CAN FIN HOMES LTD.","Housing Finance","EQ","INE477A01020","532386",""
"CAPLIPOINT","CAPLIN POINT LABORATORIES LTD.","Pharmaceuticals","EQ","INE475E01026","532386",""
"CARBORUNIV","CARBORUNDUM UNIVERSAL LTD.","Other Industrial Products","EQ","INE120A01034","532386",""
"CARERATING","CARE Ratings Ltd","Other Financial Services","EQ","INE752H01013","532386",""
"CASTROLIND","CASTROL INDIA LTD.","Oil Marketing & Distribution","EQ","INE172A01027","532386",""
"CCL","CCL PRODUCTS (INDIA) LTD.","Tea & Coffee","EQ","INE421D01022","532386",""
"CDSL","Central Depository Services (India) Ltd.","FINANCIAL SERVICES","EQ","INE736A01011","",""
"CEATLTD","CEAT LTD.","Auto Tyres & Rubber Products","EQ","INE482A01020","532386",""
"CENTRALBK","CENTRAL BANK OF INDIA","Banks","EQ","INE483A01010","532386",""
"CENTURYPLY","CENTURY PLYBOARDS (I) LTD.","Forest Products","EQ","INE348B01021","532386",""
"CENTURYTEX","CENTURY TEXTILES & INDUSTRIES LTD.","Cement & Cement Products","EQ","INE055A01016","532386",""
"CERA","CERA SANITARYWARE LTD.","Furniture-Furnishing-Paints","EQ","INE739E01017","532386",""
"CESC","CESC LTD.","Electric Utilities","EQ","INE486A01013","532386",""
"CGCL","Capri Global Capital Limited","Finance (including NBFCs)","EQ","INE180C01026","532386",""
"CGPOWER","","","","","",""
"CHALET","Chalet Hotels Ltd","Hotels","EQ","INE427F01016","532386",""
"CHAMBLFERT","CHAMBAL FERTILISERS & CHEMICALS LTD.","Fertilizers","EQ","INE085A01013","532386",""
"CHENNPETRO","CHENNAI PETROLEUM CORPORATION LTD.","Refineries/ Petro-Products","EQ","INE178A01016","532386",""
"CHOLAFIN","Cholamandalam Investment and Finance Company Ltd","Finance (including NBFCs)","EQ","INE121A01024","532386",""
"CHOLAHLDNG","Cholamandalam Financial Holdings Ltd","Holding Companies","EQ","INE149A01033","532386",""
"CIPLA","CIPLA LTD.","Pharmaceuticals","EQ","INE059A01026","500087",""
"COALINDIA","COAL INDIA LTD.","Coal","EQ","INE522F01014","533278",""
"COCHINSHIP","Cochin Shipyard Ltd","Shipping","EQ","INE704P01017","540678",""
"COFORGE","COFORGE LIMITED","IT Consulting & Software","EQ","INE591G01017","532541",""
"COLPAL","COLGATE-PALMOLIVE (INDIA) LTD.","Personal Products","EQ","INE259A01022","500830",""
"CONCOR","CONTAINER CORPORATION OF INDIA LTD.","Transport Related Services","EQ","INE111A01025","542641",""
"COROMANDEL","COROMANDEL INTERNATIONAL LTD.","Fertilizers","EQ","INE169A01031","542641",""
"CORPBANK","CORPORATION BANK","Banks","","INE112A01023","",""
"CREDITACC","CreditAccess Grameen Ltd","Finance (including NBFCs)","EQ","INE741K01010","541770",""
"CRISIL","CRISIL LTD.","Other Financial Services","EQ","INE007A01025","500092",""
"CROMPTON","Crompton Greaves Consumer Electricals Ltd","Household Appliances","EQ","INE299U01018","539876",""
"CUB","CITY UNION BANK LTD.","Banks","EQ","INE491A01021","542867",""
"CUMMINSIND","CUMMINS INDIA LTD.","Industrial Machinery","EQ","INE298A01020","500480",""
"CYIENT","Cyient Limited","IT Consulting & Software","EQ","INE136B01020","532175",""
"DABUR","DABUR INDIA LTD.","Personal Products","EQ","INE016A01026","500096",""
"DALBHARAT","Dalmia Bharat Ltd","Cement & Cement Products","EQ","INE00R701025","542216",""
"DBCORP","D B Corp Ltd","Publishing","EQ","INE950I01011","532528",""
"DBL","Dilip Buildcon Ltd","Roads & Highways","EQ","INE917M01012","532528",""
"DCAL","Dishman Carbogen Amcis Ltd","Pharmaceuticals","EQ","INE385W01011","532528",""
"DCBBANK","DCB Bank Limited","Banks","EQ","INE503A01015","532772",""
"DCMSHRIRAM","DCM Shriram Limited","Diversified","EQ","INE499A01024","523367",""
"DEEPAKNTR","Deepak Nitrite Ltd.","CHEMICALS","EQ","INE288B01029","",""
"DELTACORP","DELTA CORP LTD.","Misc.Commercial Services","EQ","INE124G01033","532848",""
"DHFL","DEWAN HOUSING FINANCE CORPORATION LTD.","Housing Finance","EQ","INE202B01012","540047",""
"DISHTV","DISH TV INDIA LTD.","Broadcasting & Cable TV","EQ","INE836F01026","532839",""
"DIVISLAB","DIVI&#39;S LABORATORIES LTD.","Pharmaceuticals","EQ","INE361B01024","532488",""
"DIXON","Dixon Technologies (India) Ltd","Consumer Electronics","EQ","INE935N01012","540699",""
"DLF","DLF LTD.","Realty","EQ","INE271C01023","532868",""
"DMART","Avenue Supermarts Ltd","Department Stores","EQ","INE192R01011","533146",""
"DRREDDY","DR.REDDY&#39;S LABORATORIES LTD.","Pharmaceuticals","EQ","INE089A01023","500124",""
"ECLERX","ECLERX SERVICES LTD.","BPO/KPO","EQ","INE738I01010","532927",""
"EDELWEISS","Edelweiss Financial Services Ltd.","Other Financial Services","EQ","INE532F01054","532922",""
"EICHERMOT","EICHER MOTORS LTD.","2/3 Wheelers","EQ","INE066A01013","505200",""
"EIDPARRY","E.I.D.-PARRY (INDIA) LTD.","Sugar","EQ","INE126A01031","505200",""
"EIHOTEL","EIH LTD.","Hotels","EQ","INE230A01023","500840",""
"ELGIEQUIP","ELGI EQUIPMENTS LTD.","Industrial Machinery","EQ","INE285A01027","522074",""
"EMAMILTD","EMAMI LTD.","Personal Products","EQ","INE548C01032","531162",""
"ENDURANCE","Endurance Technologies Ltd","Auto Parts & Equipment","EQ","INE913H01037","540153",""
"ENGINERSIN","ENGINEERS INDIA LTD.","Consulting Services","EQ","INE510A01028","532178",""
"EQUITAS","Equitas Holdings Ltd","Holding Companies","EQ","INE988K01017","539844",""
"ERIS","Eris Lifesciences Ltd","Pharmaceuticals","EQ","INE406M01024","540596",""
"ESCORTS","ESCORTS LTD.","Commercial Vehicles","EQ","INE042A01014","500495",""
"ESSELPACK","Essel Propack Ltd.","INDUSTRIAL MANUFACTURING","EQ","INE255A01020","",""
"EXIDEIND","EXIDE INDUSTRIES LTD.","Auto Parts & Equipment","EQ","INE302A01020","500086",""
"FCONSUMER","Future Consumer Ltd","Packaged Foods","EQ","INE220J01025","530117",""
"FDC","FDC LTD.","Pharmaceuticals","EQ","INE258B01022","531599",""
"FEDERALBNK","FEDERAL BANK LTD.","Banks","EQ","INE171A01029","500469",""
"FINCABLES","FINOLEX CABLES LTD.","Other Elect.Equip./ Prod.","EQ","INE235A01022","500144",""
"FINEORG","Fine Organic Industries Ltd","Specialty Chemicals","EQ","INE686Y01026","500144",""
"FINPIPE","Finolex Industries Ltd.","INDUSTRIAL MANUFACTURING","EQ","INE183A01016","",""
"FLFL","Future Lifestyle Fashions Ltd","Department Stores","EQ","INE452O01016","500940",""
"FMGOETZE","FEDERAL-MOGUL GOETZE (INDIA) LTD.","Auto Parts & Equipment","EQ","INE529A01010","500940",""
"FORTIS","FORTIS HEALTHCARE LTD.","Healthcare Facilities","EQ","INE061F01013","500940",""
"FRETAIL","Future Retail Ltd","Department Stores","EQ","INE752P01024","500940",""
"FSL","FIRSTSOURCE SOLUTIONS LTD.","BPO/KPO","EQ","INE684F01012","532809",""
"GAIL","GAIL (INDIA) LTD.","Utilities:Non-Elec.","EQ","INE129A01019","540798",""
"GALAXYSURF","Galaxy Surfactants Ltd","Specialty Chemicals","EQ","INE600K01018","540798",""
"GARFIBRES","Garware Technical Fibres Ltd","Textiles","EQ","INE276A01018","540798",""
"GAYAPROJ","GAYATRI PROJECTS LTD.","Construction & Engineering","EQ","INE336H01023","540798",""
"GEPIL","GE Power India Ltd","Heavy Electrical Equipment","EQ","INE878A01011","540798",""
"GESHIP","GREAT EASTERN SHIPPING CO.LTD.","Shipping","EQ","INE017A01032","540798",""
"GET&D","GE T&D India Ltd","Electric Utilities","EQ","INE200A01026","540798",""
"GHCL","GHCL LTD.","Commodity Chemicals","EQ","INE539A01019","540798",""
"GICRE","General Insurance Corporation of India","General Insurance","EQ","INE481Y01014","540798",""
"GILLETTE","GILLETTE INDIA LTD.","Personal Products","EQ","INE322A01010","540798",""
"GLAXO","GLAXOSMITHKLINE PHARMACEUTICALS LTD.","Pharmaceuticals","EQ","INE159A01016","540798",""
"GLENMARK","GLENMARK PHARMACEUTICALS LTD.","Pharmaceuticals","EQ","INE935A01035","540798",""
"GMDCLTD","GUJARAT MINERAL DEVELOPMENT CORPORATION LTD.","Coal","EQ","INE131A01031","540798",""
"GMMPFAUDLR","GMM PFAUDLER LTD.","Industrial Machinery","EQ","INE541A01023","540798",""
"GMRINFRA","GMR INFRASTRUCTURE LTD.","Airport Services","EQ","INE776C01039","540798",""
"GNFC","GUJARAT NARMADA VALLEY FERTILIZERS & CHEMICALS LTD.","Fertilizers","EQ","INE113A01013","532754",""
"GODFRYPHLP","GODFREY PHILLIPS INDIA LTD.","Cigarettes-Tobacco Products","EQ","INE260B01028","500163",""
"GODREJAGRO","Godrej Agrovet Ltd","Other Agricultural Products","EQ","INE850D01014","540743",""
"GODREJCP","GODREJ CONSUMER PRODUCTS LTD.","Personal Products","EQ","INE102D01028","532424",""
"GODREJIND","GODREJ INDUSTRIES LTD.","Commodity Chemicals","EQ","INE233A01035","500164",""
"GODREJPROP","Godrej Properties Ltd","Realty","EQ","INE484J01027","533150",""
"GPPL","GUJARAT PIPAVAV PORT LTD.","Marine Port & Services","EQ","INE517F01014","500168",""
"GRANULES","GRANULES INDIA LTD.","Pharmaceuticals","EQ","INE101D01020","532482",""
"GRAPHITE","GRAPHITE INDIA LTD.","Other Industrial Goods","EQ","INE371A01025","509488",""
"GRASIM","GRASIM INDUSTRIES LTD.","Cement & Cement Products","EQ","INE047A01021","500300",""
"GREAVESCOT","GREAVES COTTON LTD.","Industrial Machinery","EQ","INE224A01026","501455",""
"GRINDWELL","GRINDWELL NORTON LTD.","Other Industrial Products","EQ","INE536A01023","506076",""
"GSFC","GUJARAT STATE FERTILIZERS & CHEMICALS LTD.","Fertilizers","EQ","INE026A01025","509152",""
"GSKCONS","GLAXOSMITHKLINE CONSUMER HEALTHCARE LTD.","Packaged Foods","EQ","INE264A01014","509152",""
"GSPL","GUJARAT STATE PETRONET LTD.","Utilities:Non-Elec.","EQ","INE246F01010","509152",""
"GUJALKALI","GUJARAT ALKALIES & CHEMICALS LTD.","Commodity Chemicals","EQ","INE186A01019","530001",""
"GUJGASLTD","Gujarat Gas Ltd.","OIL & GAS","EQ","INE844O01030","",""
"GULFOILLUB","Gulf Oil Lubricants India Ltd","Oil Marketing & Distribution","EQ","INE635Q01029","538567",""
"HAL","Hindustan Aeronautics Ltd","Aerospace","EQ","INE066F01012","533275",""
"HATHWAY","Hathway Cable & Datacom Ltd","Broadcasting & Cable TV","EQ","INE982F01036","533162",""
"HATSUN","HATSUN AGRO PRODUCT LTD.","Packaged Foods","EQ","INE473B01035","531531",""
"HAVELLS","HAVELLS INDIA LTD.","Other Elect.Equip./ Prod.","EQ","INE176B01034","517354",""
"HCLTECH","HCL TECHNOLOGIES LTD.","IT Consulting & Software","EQ","INE860A01027","539787",""
"HDFC","HOUSING DEVELOPMENT FINANCE CORP.LTD.","Housing Finance","EQ","INE001A01036","539787",""
"HDFCAMC","HDFC Asset Management Company Ltd","Asset Management Cos.","EQ","INE127D01025","539787",""
"HDFCBANK","HDFC Bank Ltd","Banks","EQ","INE040A01034","539787",""
"HDFCLIFE","HDFC Life Insurance Company Ltd","Life Insurance","EQ","INE795G01014","539787",""
"HEG","HEG LTD.","Other Industrial Goods","EQ","INE545A01016","509631",""
"HEIDELBERG","HEIDELBERGCEMENT INDIA LTD.","Cement & Cement Products","EQ","INE578A01017","500292",""
"HERITGFOOD","Heritage Foods Limited","Packaged Foods","EQ","INE978A01027","519552",""
"HEROMOTOCO","HERO MOTOCORP LTD.","2/3 Wheelers","EQ","INE158A01026","500182",""
"HEXAWARE","HEXAWARE TECHNOLOGIES LTD.","IT Consulting & Software","EQ","INE093A01033","532129",""
"HFCL","HFCL Ltd","Telecom Cables","EQ","INE548A01028","500183",""
"HIMATSEIDE","HIMATSINGKA SEIDE LTD.","Textiles","EQ","INE049A01027","509675",""
"HINDALCO","HINDALCO INDUSTRIES LTD.","Aluminium","EQ","INE038A01020","509675",""
"HINDCOPPER","HINDUSTAN COPPER LTD.","Copper","EQ","INE531E01026","513599",""
"HINDPETRO","HINDUSTAN PETROLEUM CORPORATION LTD.","Refineries/ Petro-Products","EQ","INE094A01015","500104",""
"HINDUNILVR","HINDUSTAN UNILEVER LTD.","Personal Products","EQ","INE030A01027","500696",""
"HINDZINC","HINDUSTAN ZINC LTD.","Zinc","EQ","INE267A01025","500188",""
"HONAUT","HONEYWELL AUTOMATION INDIA LTD.","Other Elect.Equip./ Prod.","EQ","INE671A01010","500193",""
"HSCL","Himadri Speciality Chemical Ltd","Specialty Chemicals","EQ","INE019C01026","540136",""
"HUDCO","Housing and Urban Development Corporation Ltd","Housing Finance","EQ","INE031A01017","532662",""
"IBREALEST","INDIABULLS REAL ESTATE LTD.","Realty","EQ","INE069I01010","532662",""
"IBULHSGFIN","Indiabulls Housing Finance Ltd","Housing Finance","EQ","INE148I01020","532662",""
"IBULISL","Indiabulls Integrated Services Ltd","Comm.Trading  & Distribution","EQ","INE126M01010","532662",""
"IBVENTURES","Indiabulls Ventures Limited","Other Financial Services","EQ","INE274G01010","532662",""
"ICICIBANK","ICICI BANK LTD.","Banks","EQ","INE090A01021","532662",""
"ICICIGI","ICICI Lombard General Insurance Company Ltd","General Insurance","EQ","INE765G01017","532662",""
"ICICIPRULI","ICICI Prudential Life Insurance Company Ltd","Life Insurance","EQ","INE726G01019","540133",""
"ICRA","ICRA LTD.","Other Financial Services","EQ","INE725G01011","532835",""
"IDBI","IDBI BANK LTD.","Banks","EQ","INE008A01015","500116",""
"IDEA","Vodafone Idea Ltd","Telecom Services","EQ","INE669E01016","500116",""
"IDFC","IDFC LIMITED","Finance (including NBFCs)","EQ","INE043D01016","532659",""
"IDFCFIRSTB","IDFC First Bank Ltd","Banks","EQ","INE092T01019","532659",""
"IEX","Indian Energy Exchange Ltd","Electric Utilities","EQ","INE022Q01020","532659",""
"IFBIND","IFB INDUSTRIES LTD.","Household Appliances","EQ","INE559A01017","505726",""
"IFCI","IFCI LTD.","Financial Institutions","EQ","INE039A01010","500106",""
"IGL","INDRAPRASTHA GAS LTD.","Utilities:Non-Elec.","EQ","INE203G01027","517380",""
"IIFL","IIFL Finance Ltd","Other Financial Services","EQ","INE530B01024","532636",""
"INDHOTEL","INDIAN HOTELS CO.LTD.","Hotels","EQ","INE053A01029","532960",""
"INDIACEM","INDIA CEMENTS LTD.","Cement & Cement Products","EQ","INE383A01012","532960",""
"INDIAMART","IndiaMART InterMESH Ltd","Publishing","EQ","INE933S01016","542726",""
"INDIANB","INDIAN BANK","Banks","EQ","INE562A01011","532814",""
"INDIGO","InterGlobe Aviation Ltd","Airlines","EQ","INE646L01027","533047",""
"INDOSTAR","Indostar Capital Finance Ltd","Finance (including NBFCs)","EQ","INE896L01010","533047",""
"INDUSINDBK","INDUSIND BANK LTD.","Banks","EQ","INE095A01012","501295",""
"INFIBEAM","Infibeam Avenues Ltd","Internet Software & Services","EQ","INE483S01020","539807",""
"INFRATEL","BHARTI INFRATEL LTD.","Other Telecom Services","EQ","INE121J01017","539807",""
"INFY","INFOSYS LTD.","IT Consulting & Software","EQ","INE009A01021","539807",""
"INOXLEISUR","INOX LEISURE LTD.","Specialty Retail","EQ","INE312H01016","539807",""
"INTELLECT","Intellect Design Arena Ltd","IT Software Products","EQ","INE306R01017","539807",""
"IOB","INDIAN OVERSEAS BANK","Banks","EQ","INE565A01014","539807",""
"IOC","INDIAN OIL CORPORATION LTD.","Oil Marketing & Distribution","EQ","INE242A01010","539807",""
"IPCALAB","IPCA LABORATORIES LTD.","Pharmaceuticals","EQ","INE571A01020","539807",""
"IRB","IRB INFRASTRUCTURE DEVELOPERS LTD.","Roads & Highways","EQ","INE821I01014","539807",""
"IRCON","IRCON International Ltd","Construction & Engineering","EQ","INE962Y01013","539807",""
"IRCTC","Indian Railway Catering and Tourism Corporation Ltd","Travel Support Services","EQ","INE335Y01012","539807",""
"ISEC","ICICI Securities Ltd","Other Financial Services","EQ","INE763G01038","539807",""
"ITC","ITC LTD.","Cigarettes-Tobacco Products","EQ","INE154A01025","539807",""
"ITDC","INDIA TOURISM DEVELOPMENT CORPORATION LTD.","Hotels","EQ","INE353K01014","539807",""
"ITDCEM","ITD CEMENTATION INDIA LTD.","Construction & Engineering","EQ","INE686A01026","539807",""
"ITI","ITI LTD.","Telecom Equipment","EQ","INE248A01017","539807",""
"J&KBANK","JAMMU & KASHMIR BANK LTD.","Banks","EQ","INE168A01041","539807",""
"JAGRAN","JAGRAN PRAKASHAN LTD.","Publishing","EQ","INE199G01027","539807",""
"JAICORPLTD","JAI CORP LTD.","Iron & Steel/Interm.Products","EQ","INE070D01027","539807",""
"JAMNAAUTO","JAMNA AUTO INDUSTRIES LTD.","Auto Parts & Equipment","EQ","INE039C01032","539807",""
"JBCHEPHARM","J.B.CHEMICALS & PHARMACEUTICALS LTD.","Pharmaceuticals","EQ","INE572A01028","506943",""
"JCHAC","Johnson Controls-Hitachi Air Conditioning India Ltd","Consumer Electronics","EQ","INE782A01015","532605",""
"JINDALSAW","JINDAL SAW LTD.","Construction & Engineering","EQ","INE324A01024","500227",""
"JINDALSTEL","JINDAL STEEL & POWER LTD.","Iron & Steel/Interm.Products","EQ","INE749A01030","500227",""
"JISLJALEQS","JAIN IRRIGATION SYSTEMS LTD.","Plastic Products","EQ","INE175A01038","500227",""
"JKCEMENT","J.K.CEMENT LTD.","Cement & Cement Products","EQ","INE823G01014","500227",""
"JKLAKSHMI","JK LAKSHMI CEMENT LTD.","Cement & Cement Products","EQ","INE786A01032","500227",""
"JKPAPER","JK PAPER LTD.","Paper & Paper Products","EQ","INE789E01012","500227",""
"JKTYRE","JK TYRE & INDUSTRIES LTD.","Auto Tyres & Rubber Products","EQ","INE573A01042","530007",""
"JMFINANCIL","JM FINANCIAL LTD.","Holding Companies","EQ","INE780C01023","523405",""
"JPASSOCIAT","JAIPRAKASH ASSOCIATES LTD.","Construction & Engineering","EQ","INE455F01025","523398",""
"JSL","JINDAL STAINLESS LTD.","Iron & Steel/Interm.Products","EQ","INE220G01021","523398",""
"JSLHISAR","Jindal Stainless (Hisar) Ltd","Iron & Steel Products","EQ","INE455T01018","523398",""
"JSWENERGY","JSW Energy Ltd","Electric Utilities","EQ","INE121E01018","533148",""
"JSWSTEEL","JSW STEEL LTD.","Iron & Steel/Interm.Products","EQ","INE019A01038","500228",""
"JUBILANT","JUBILANT LIFE SCIENCES LIMITED","Pharmaceuticals","EQ","INE700A01033","520057",""
"JUBLFOOD","Jubilant FoodWorks Ltd","Restaurants","EQ","INE797F01012","533155",""
"JUSTDIAL","JUST DIAL LTD.","Publishing","EQ","INE599M01018","535648",""
"JYOTHYLAB","Jyothy Labs Ltd","Household Products","EQ","INE668F01031","532926",""
"KAJARIACER","KAJARIA CERAMICS LTD.","Furniture-Furnishing-Paints","EQ","INE217B01036","532926",""
"KALPATPOWR","KALPATARU POWER TRANSMISSION LTD.","Heavy Electrical Equipment","EQ","INE220B01022","532926",""
"KANSAINER","KANSAI NEROLAC PAINTS LTD.","Furniture-Furnishing-Paints","EQ","INE531A01024","532926",""
"KARURVYSYA","KARUR VYSYA BANK LTD.","Banks","EQ","INE036D01028","532926",""
"KEC","KEC INTERNATIONAL LTD.","Heavy Electrical Equipment","EQ","INE389H01022","532714",""
"KEI","KEI INDUSTRIES LTD.","Other Elect.Equip./ Prod.","EQ","INE878B01027","517569",""
"KENNAMET","KENNAMETAL INDIA LTD.","Industrial Machinery","EQ","INE717A01029","505890",""
"KIOCL","KIOCL Ltd","Iron & Steel/Interm.Products","EQ","INE880L01014","540680",""
"KIRLOSENG","KIRLOSKAR OIL ENGINES LTD.","Auto Parts & Equipment","EQ","INE146L01010","500245",""
"KNRCON","KNR CONSTRUCTIONS LTD.","Construction & Engineering","EQ","INE634I01029","532942",""
"KOLTEPATIL","KOLTE-PATIL DEVELOPERS LTD.","Realty","EQ","INE094I01018","532924",""
"KOTAKBANK","KOTAK MAHINDRA BANK LTD.","Banks","EQ","INE237A01028","500247",""
"KPITTECH","KPIT Technologies Ltd","Auto Parts & Equipment","EQ","INE04I401011","542651",""
"KPRMILL","K.P.R. Mill Limited","Textiles","EQ","INE930H01023","542651",""
"KRBL","KRBL LTD.","Packaged Foods","EQ","INE001B01026","530813",""
"KSCL","KAVERI SEED COMPANY LTD.","Other Agricultural Products","EQ","INE455I01029","500249",""
"KTKBANK","KARNATAKA BANK LTD.","Banks","EQ","INE614B01018","500249",""
"L&TFH","L&T FINANCE HOLDINGS LTD.","Holding Companies","EQ","INE498L01015","533519",""
"LAKSHVILAS","LAKSHMI VILAS BANK LTD.","Banks","EQ","INE694C01018","534690",""
"LALPATHLAB","Dr. Lal PathLabs Ltd","Healthcare Services","EQ","INE600L01024","534690",""
"LAURUSLABS","Laurus Labs Ltd","Pharmaceuticals","EQ","INE947Q01010","540222",""
"LAXMIMACH","LAKSHMI MACHINE WORKS LTD.","Industrial Machinery","EQ","INE269B01029","532783",""
"LEMONTREE","Lemon Tree Hotels Ltd","Hotels","EQ","INE970X01018","532783",""
"LICHSGFIN","LIC HOUSING FINANCE LTD.","Housing Finance","EQ","INE115A01026","532783",""
"LINDEINDIA","Linde India Limited","Industrial Gases","EQ","INE473A01011","532783",""
"LT","LARSEN & TOUBRO LTD.","Construction & Engineering","EQ","INE018A01030","532783",""
"LTI","Larsen & Toubro Infotech Ltd","IT Consulting & Software","EQ","INE214T01019","532783",""
"LTTS","L&T Technology Services Ltd","Internet Software & Services","EQ","INE010V01017","532783",""
"LUPIN","LUPIN LTD.","Pharmaceuticals","EQ","INE326A01037","500257",""
"LUXIND","Lux Industries Ltd","Other Apparels & Accessories","EQ","INE150G01020","539542",""
"M&M","MAHINDRA & MAHINDRA LTD.","Cars & Utility Vehicles","EQ","INE101A01026","534532",""
"M&MFIN","MAHINDRA & MAHINDRA FINANCIAL SERVICES LTD.","Finance (including NBFCs)","EQ","INE774D01024","534532",""
"MAGMA","MAGMA FINCORP LTD.","Finance (including NBFCs)","EQ","INE511C01022","524000",""
"MAHABANK","BANK OF MAHARASHTRA","Banks","EQ","INE457A01014","532896",""
"MAHINDCIE","Mahindra CIE Automotive Limited","Other Industrial Products","EQ","INE536H01010","513554",""
"MAHLIFE","MAHINDRA LIFESPACE DEVELOPERS LTD.","Realty","EQ","INE813A01018","513554",""
"MAHLOG","Mahindra Logistics Ltd","Transportation - Logistics","EQ","INE766P01016","513554",""
"MAHSCOOTER","MAHARASHTRA SCOOTERS LTD.","Investment Companies","EQ","INE288A01013","513554",""
"MAHSEAMLES","MAHARASHTRA SEAMLESS LTD.","Construction & Engineering","EQ","INE271B01025","513554",""
"MANAPPURAM","MANAPPURAM FINANCE LTD.","Finance (including NBFCs)","EQ","INE522D01027","531213",""
"MARICO","MARICO LTD.","Personal Products","EQ","INE196A01026","531642",""
"MARUTI","MARUTI SUZUKI INDIA LTD.","Cars & Utility Vehicles","EQ","INE585B01010","532500",""
"MASFIN","MAS Financial Services Ltd","Finance (including NBFCs)","EQ","INE348L01012","540749",""
"MCDOWELL-N","United Spirits Ltd.","CONSUMER GOODS","EQ","INE854D01024","",""
"MCX","MULTI COMMODITY EXCHANGE OF INDIA LTD.","Investment Companies","EQ","INE745G01035","532654",""
"METROPOLIS","Metropolis Healthcare Ltd","Healthcare Services","EQ","INE112L01020","542650",""
"MFSL","Max Financial Services Ltd","Life Insurance","EQ","INE180A01020","542650",""
"MGL","Mahanagar Gas Ltd","Utilities:Non-Elec.","EQ","INE002S01010","542650",""
"MHRIL","MAHINDRA HOLIDAYS & RESORTS INDIA LTD.","Hotels","EQ","INE998I01010","542650",""
"MIDHANI","Mishra Dhatu Nigam Ltd","Iron & Steel Products","EQ","INE099Z01011","542650",""
"MINDACORP","Minda Corporation Ltd","Auto Parts & Equipment","EQ","INE842C01021","538962",""
"MINDAIND","MINDA INDUSTRIES LTD.","Auto Parts & Equipment","EQ","INE405E01023","532539",""
"MINDTREE","MINDTREE LTD.","IT Consulting & Software","EQ","INE018I01017","541195",""
"MMTC","MMTC LTD.","Comm.Trading  & Distribution","EQ","INE123F01029","513377",""
"MOIL","MOIL LTD.","Mining","EQ","INE490G01020","533286",""
"MOTHERSUMI","MOTHERSON SUMI SYSTEMS LTD.","Auto Parts & Equipment","EQ","INE775A01035","517334",""
"MOTILALOFS","MOTILAL OSWAL FINANCIAL SERVICES LTD.","Finance (including NBFCs)","EQ","INE338I01027","532892",""
"MPHASIS","MPHASIS LTD.","IT Consulting & Software","EQ","INE356A01018","526299",""
"MRF","MRF LTD.","Auto Tyres & Rubber Products","EQ","INE883A01011","500290",""
"MRPL","MANGALORE REFINERY & PETROCHEMICALS LTD.","Refineries/ Petro-Products","EQ","INE103A01014","500290",""
"MUTHOOTFIN","MUTHOOT FINANCE LTD.","Finance (including NBFCs)","EQ","INE414G01012","515037",""
"NAM-INDIA","Nippon Life India Asset Management Ltd","Asset Management Cos.","EQ","INE298J01013","500296",""
"NATCOPHARM","NATCO PHARMA LTD.","Pharmaceuticals","EQ","INE987B01026","500296",""
"NATIONALUM","NATIONAL ALUMINIUM CO.LTD.","Aluminium","EQ","INE139A01034","500296",""
"NAUKRI","INFO EDGE (INDIA) LTD.","Internet & Catalogue Retail","EQ","INE663F01024","500296",""
"NAVINFLUOR","Navin Fluorine International Limited-$","Commodity Chemicals","EQ","INE048G01026","500296",""
"NAVNETEDUL","Navneet Education Limited","Publishing","EQ","INE060A01024","500296",""
"NBCC","NBCC (India) Ltd","Construction & Engineering","EQ","INE095N01031","534309",""
"NBVENTURES","NAVA BHARAT VENTURES LTD.","Electric Utilities","EQ","INE725A01022","534309",""
"NCC","NCC Limited","Construction & Engineering","EQ","INE868B01028","500294",""
"NESCO","NESCO LTD.","Misc.Commercial Services","EQ","INE317F01035","505355",""
"NESTLEIND","NESTLE INDIA LTD.","Packaged Foods","EQ","INE239A01016","500790",""
"NETWORK18","Network18 Media & Investments Ltd.","MEDIA & ENTERTAINMENT","EQ","INE870H01013","",""
"NFL","NATIONAL FERTILIZERS LTD.","Fertilizers","EQ","INE870D01012","532416",""
"NH","Narayana Hrudayalaya Ltd","Healthcare Facilities","EQ","INE410P01011","532416",""
"NHPC","NHPC LTD.","Electric Utilities","EQ","INE848E01016","533098",""
"NIACL","The New India Assurance Company Ltd","General Insurance","EQ","INE470Y01017","533098",""
"NIFTY 50","","","","","",""
"NIFTY BANK","","","","","",""
"NIFTY COMMODITIES","","","","","",""
"NIFTY CONSUMPTION","","","","","",""
"NIFTY INFRA","","","","","",""
"NIFTY IT","","","","","",""
"NIFTY MEDIA","","","","","",""
"NIFTY METAL","","","","","",""
"NIFTY MIDCAP 150","","","","","",""
"NIFTY MIDCAP 50","","","","","",""
"NIFTY NEXT 50","","","","","",""
"NIFTY PHARMA","","","","","",""
"NIFTY PSE","","","","","",""
"NIFTY REALTY","","","","","",""
"NIFTY SERV SECTOR","","","","","",""
"NILKAMAL","NILKAMAL LTD.","Plastic Products","EQ","INE310A01015","590103",""
"NLCINDIA","NLC India Ltd","Electric Utilities","EQ","INE589A01014","590103",""
"NMDC","NMDC LTD.","Mining","EQ","INE584A01023","590103",""
"NTPC","NTPC LTD.","Electric Utilities","EQ","INE733E01010","590103",""
"OBEROIRLTY","OBEROI REALTY LTD.","Realty","EQ","INE093I01010","590103",""
"OFSS","ORACLE FINANCIAL SERVICES SOFTWARE LTD.","IT Consulting & Software","EQ","INE881D01027","590103",""
"OIL","OIL INDIA LTD.","Exploration & Production","EQ","INE274J01014","590103",""
"OMAXE","OMAXE LTD.","Realty","EQ","INE800H01010","590103",""
"ONGC","OIL AND NATURAL GAS CORPORATION LTD.","Exploration & Production","EQ","INE213A01029","590103",""
"ORIENTBANK","ORIENTAL BANK OF COMMERCE","Banks","","INE141A01014","",""
"ORIENTCEM","Orient Cement Ltd","Cement & Cement Products","EQ","INE876N01018","590103",""
"ORIENTELEC","Orient Electric Ltd","Consumer Electronics","EQ","INE142Z01019","590103",""
"ORIENTREF","ORIENT REFRACTORIES LTD.","Other Industrial Goods","EQ","INE743M01012","590103",""
"PAGEIND","PAGE INDUSTRIES LTD.","Other Apparels & Accessories","EQ","INE761H01022","590103",""
"PARAGMILK","Parag Milk Foods Ltd","Packaged Foods","EQ","INE883N01014","590103",""
"PCJEWELLER","PC JEWELLER LTD.","Other Apparels & Accessories","EQ","INE785M01013","590103",""
"PEL","PIRAMAL ENTERPRISES LTD.","Pharmaceuticals","EQ","INE140A01024","590103",""
"PERSISTENT","PERSISTENT SYSTEMS LTD.","IT Consulting & Software","EQ","INE262H01013","590103",""
"PETRONET","PETRONET LNG LTD.","Oil Marketing & Distribution","EQ","INE347G01014","590103",""
"PFC","POWER FINANCE CORPORATION LTD.","Finance (including NBFCs)","EQ","INE134E01011","590103",""
"PFIZER","PFIZER LTD.","Pharmaceuticals","EQ","INE182A01018","590103",""
"PGHH","PROCTER & GAMBLE HYGIENE & HEALTH CARE LTD.","Personal Products","EQ","INE179A01014","590103",""
"PGHL","Procter & Gamble Health Ltd","Pharmaceuticals","EQ","INE199A01012","590103",""
"PHILIPCARB","PHILLIPS CARBON BLACK LTD.","Carbon Black","EQ","INE602A01023","590103",""
"PHOENIXLTD","The Phoenix Mills Ltd","Realty","EQ","INE211B01039","590103",""
"PIDILITIND","PIDILITE INDUSTRIES LTD.","Specialty Chemicals","EQ","INE318A01026","590103",""
"PIIND","PI Industries Ltd","Agrochemicals","EQ","INE603J01030","590103",""
"PNB","PUNJAB NATIONAL BANK","Banks","EQ","INE160A01022","590103",""
"PNBHOUSING","PNB Housing Finance Ltd","Housing Finance","EQ","INE572E01012","590103",""
"PNCINFRA","PNC Infratech Ltd","Roads & Highways","EQ","INE195J01029","590103",""
"POLYCAB","Polycab India Ltd","Other Elect.Equip./ Prod.","EQ","INE455K01017","590103",""
"POWERGRID","POWER GRID CORPORATION OF INDIA LTD.","Electric Utilities","EQ","INE752E01010","590103",""
"PRAJIND","PRAJ INDUSTRIES LTD.","Construction & Engineering","EQ","INE074A01025","590103",""
"PRESTIGE","PRESTIGE ESTATES PROJECTS LTD.","Realty","EQ","INE811K01011","590103",""
"PRSMJOHNSN","Prism Johnson Ltd","Cement & Cement Products","EQ","INE010A01011","590103",""
"PTC","PTC INDIA LTD.","Electric Utilities","EQ","INE877F01012","590108",""
"PVR","PVR LTD.","Specialty Retail","EQ","INE191H01014","590108",""
"QUESS","Quess Corp Ltd","Diversified","EQ","INE615P01015","590108",""
"RADICO","RADICO KHAITAN LTD.","Breweries & Distilleries","EQ","INE944F01028","590108",""
"RADIOCITY","Music Broadcast Ltd","Broadcasting & Cable TV","EQ","INE919I01024","590108",""
"RAIN","Rain Industries Ltd","Petrochemicals","EQ","INE855B01025","590108",""
"RAJESHEXPO","RAJESH EXPORTS LTD.","Other Apparels & Accessories","EQ","INE343B01030","590108",""
"RALLIS","RALLIS INDIA LTD.","Agrochemicals","EQ","INE613A01020","590108",""
"RAMCOCEM","The Ramco Cements Limited","Cement & Cement Products","EQ","INE331A01037","590108",""
"RATNAMANI","RATNAMANI METALS & TUBES LTD.","Construction & Engineering","EQ","INE703B01027","590108",""
"RAYMOND","RAYMOND LTD.","Textiles","EQ","INE301A01014","590108",""
"RBLBANK","RBL Bank Ltd","Banks","EQ","INE976G01028","590108",""
"RCF","RASHTRIYA CHEMICALS & FERTILIZERS LTD.","Fertilizers","EQ","INE027A01015","590108",""
"RCOM","","","","","",""
"RECLTD","REC Ltd","Finance (including NBFCs)","EQ","INE020B01018","590108",""
"REDINGTON","REDINGTON (INDIA) LTD.","Comm.Trading  & Distribution","EQ","INE891D01026","590108",""
"RELAXO","RELAXO FOOTWEARS LTD.","Footwear","EQ","INE131B01039","590108",""
"RELCAPITAL","RELIANCE CAPITAL LTD.","Finance (including NBFCs)","EQ","INE013A01015","590108",""
"RELIANCE","RELIANCE INDUSTRIES LTD.","Integrated Oil & Gas","EQ","INE002A01018","590108",""
"RELINFRA","RELIANCE INFRASTRUCTURE LTD.","Electric Utilities","EQ","INE036A01016","590108",""
"RENUKA","SHREE RENUKA SUGARS LTD.","Sugar","EQ","INE087H01022","590108",""
"REPCOHOME","REPCO HOME FINANCE LTD.","Housing Finance","EQ","INE612J01015","590108",""
"RESPONIND","RESPONSIVE INDUSTRIES LTD.","Plastic Products","EQ","INE688D01026","590108",""
"RITES","RITES Ltd","Construction & Engineering","EQ","INE320J01015","590108",""
"RNAM","","","","","",""
"RPOWER","RELIANCE POWER LTD.","Electric Utilities","EQ","INE614G01033","590108",""
"RVNL","Rail Vikas Nigam Ltd","Construction & Engineering","EQ","INE415G01027","540081",""
"SADBHAV","SADBHAV ENGINEERING LTD.","Construction & Engineering","EQ","INE226H01026","532710",""
"SAIL","STEEL AUTHORITY OF INDIA LTD.","Iron & Steel/Interm.Products","EQ","INE114A01011","502090",""
"SANOFI","Sanofi India Ltd","Pharmaceuticals","EQ","INE058A01010","500674",""
"SAREGAMA","SAREGAMA INDIA LTD.","Movies & Entertainment","EQ","INE979A01017","532163",""
"SBICARD","SBI Cards & Payment Services Ltd.","","EQ","INE018E01016","543066",""
"SBILIFE","SBI Life Insurance Company Ltd","Life Insurance","EQ","INE123W01016","540719",""
"SBIN","STATE BANK OF INDIA","Banks","EQ","INE062A01020","540719",""
"SCHAEFFLER","Schaeffler India Ltd","Industrial Machinery","EQ","INE513A01014","505790",""
"SENSEX","","","","","",""
"SFL","Sheela Foam Ltd","Furniture-Furnishing-Paints","EQ","INE916U01025","524324",""
"SHILPAMED","SHILPA MEDICARE LTD.","Pharmaceuticals","EQ","INE790G01031","523598",""
"SHK","S H Kelkar and Company Ltd","Personal Products","EQ","INE500L01026","532776",""
"SHOPERSTOP","SHOPPERS STOP LTD.","Department Stores","EQ","INE498B01024","532638",""
"SHREECEM","SHREE CEMENT LTD.","Cement & Cement Products","EQ","INE070A01015","500387",""
"SHRIRAMCIT","SHRIRAM CITY UNION FINANCE LTD.","Finance (including NBFCs)","EQ","INE722A01011","539252",""
"SIEMENS","SIEMENS LTD.","Heavy Electrical Equipment","EQ","INE003A01024","500550",""
"SIS","Security and Intelligence Services (India) Ltd","Sp.Consumer Services","EQ","INE285J01028","523838",""
"SJVN","SJVN Ltd","Electric Utilities","EQ","INE002L01015","533206",""
"SKFINDIA","SKF India Ltd","Other Industrial Goods","EQ","INE640A01023","500472",""
"SOBHA","Sobha Limited","Realty","EQ","INE671H01015","532784",""
"SOLARINDS","SOLAR INDUSTRIES INDIA LTD.","Specialty Chemicals","EQ","INE343H01029","530943",""
"SONATSOFTW","SONATA SOFTWARE LTD.","IT Consulting & Software","EQ","INE269A01021","530943",""
"SOUTHBANK","SOUTH INDIAN BANK LTD.","Banks","EQ","INE683A01023","530943",""
"SPANDANA","Spandana Sphoorty Financial Ltd","Finance (including NBFCs)","EQ","INE572J01011","530943",""
"SPARC","SUN PHARMA ADVANCED RESEARCH COMPANY LTD.","Pharmaceuticals","EQ","INE232I01014","530943",""
"SPICEJET","SPICEJET LTD.","Airlines","EQ","INE285B01017","530943",""
"SREINFRA","SREI INFRASTRUCTURE FINANCE LTD.","Finance (including NBFCs)","EQ","INE872A01014","530943",""
"SRF","SRF LTD.","Diversified","EQ","INE647A01010","530943",""
"SRTRANSFIN","SHRIRAM TRANSPORT FINANCE CO.LTD.","Finance (including NBFCs)","EQ","INE721A01013","513605",""
"STAR","Strides Pharma Science Ltd","Pharmaceuticals","EQ","INE939A01011","580001",""
"STARCEMENT","Star Cement Ltd","Cement & Cement Products","EQ","INE460H01021","540575",""
"STRTECH","STERLITE TECHNOLOGIES LTD.","Other Telecom Services","EQ","INE089C01029","533316",""
"SUDARSCHEM","SUDARSHAN CHEMICAL INDUSTRIES LTD.","Specialty Chemicals","EQ","INE659A01023","533316",""
"SUNCLAYLTD","SUNDARAM-CLAYTON LTD.","Auto Parts & Equipment","EQ","INE105A01035","533316",""
"SUNDARMFIN","SUNDARAM FINANCE LTD.","Finance (including NBFCs)","EQ","INE660A01013","533316",""
"SUNDRMFAST","SUNDRAM FASTENERS LTD.","Auto Parts & Equipment","EQ","INE387A01021","533316",""
"SUNPHARMA","SUN PHARMACEUTICAL INDUSTRIES LTD.","Pharmaceuticals","EQ","INE044A01036","533316",""
"SUNTECK","SUNTECK REALTY LTD.","Realty","EQ","INE805D01034","533316",""
"SUNTV","SUN TV NETWORK LTD.","Broadcasting & Cable TV","EQ","INE424H01027","532733",""
"SUPRAJIT","SUPRAJIT ENGINEERING LTD","Auto Parts & Equipment","EQ","INE399C01030","532509",""
"SUPREMEIND","SUPREME INDUSTRIES LTD.","Plastic Products","EQ","INE195A01028","509930",""
"SUZLON","SUZLON ENERGY LTD.","Heavy Electrical Equipment","EQ","INE040H01021","532667",""
"SWANENERGY","SWAN ENERGY LTD.","Textiles","EQ","INE665A01038","503310",""
"SWSOLAR","Sterling and Wilson Solar Ltd","Heavy Electrical Equipment","EQ","INE00M201021","532051",""
"SYMPHONY","Symphony Limited","Consumer Electronics","EQ","INE225D01027","517385",""
"SYNDIBANK","SYNDICATE BANK","Banks","","INE667A01018","",""
"SYNGENE","Syngene International Ltd","Pharmaceuticals","EQ","INE398R01022","539268",""
"TAKE","TAKE SOLUTIONS LTD.","Pharmaceuticals","EQ","INE142I01023","532890",""
"TASTYBITE","Tasty Bite Eatables Ltd.","CONSUMER GOODS","EQ","INE488B01017","",""
"TATACHEM","TATA CHEMICALS LTD.","Commodity Chemicals","EQ","INE092A01019","541545",""
"TATACOMM","TATA COMMUNICATIONS LTD.","Telecom - Alternate Carriers","EQ","INE151A01013","541545",""
"TATACONSUM","Tata Consumer Products Ltd.","CONSUMER GOODS","EQ","INE192A01025","",""
"TATAELXSI","TATA ELXSI LTD.","IT Software Products","EQ","INE670A01012","541545",""
"TATAINVEST","TATA INVESTMENT CORPORATION LTD.","Holding Companies","EQ","INE672A01018","541545",""
"TATAMOTORS","TATA MOTORS LTD.","Commercial Vehicles","EQ","INE155A01022","500570",""
"TATAMTRDVR","Tata Motors  Ltd - DVR","Commercial Vehicles","EQ","IN9155A01020","500570",""
"TATAPOWER","TATA POWER CO.LTD.","Electric Utilities","EQ","INE245A01021","500400",""
"TATASTEEL","TATA STEEL LTD.","Iron & Steel/Interm.Products","EQ","INE081A01012","500400",""
"TATASTLBSL","Tata Steel Bsl Ltd","Iron & Steel/Interm.Products","EQ","INE824B01021","500055",""
"TCIEXP","TCI Express Ltd","Transportation - Logistics","EQ","INE586V01016","540212",""
"TCNSBRANDS","TCNS Clothing Co. Ltd","Other Apparels & Accessories","EQ","INE778U01029","541700",""
"TCS","TATA CONSULTANCY SERVICES LTD.","IT Consulting & Software","EQ","INE467B01029","523301",""
"TEAMLEASE","TeamLease Services Ltd","Sp.Consumer Services","EQ","INE985S01024","539658",""
"TECHM","TECH MAHINDRA LTD.","IT Consulting & Software","EQ","INE669C01036","532755",""
"TECHNOE","Techno Electric & Engineering Company Ltd","Construction & Engineering","EQ","INE285K01026","542141",""
"THERMAX","THERMAX LTD.","Heavy Electrical Equipment","EQ","INE152A01029","500411",""
"THYROCARE","Thyrocare Technologies Ltd","Healthcare Services","EQ","INE594H01019","500411",""
"TIINDIA","Tube Investments of India Ltd","Auto Parts & Equipment","EQ","INE974X01010","536264",""
"TIMETECHNO","TIME TECHNOPLAST LTD.","Plastic Products","EQ","INE508G01029","532856",""
"TIMKEN","TIMKEN INDIA LTD.","Industrial Machinery","EQ","INE325A01013","522113",""
"TITAN","Titan Company Limited","Other Apparels & Accessories","EQ","INE280A01028","504966",""
"TORNTPHARM","TORRENT PHARMACEUTICALS LTD.","Pharmaceuticals","EQ","INE685A01028","500420",""
"TORNTPOWER","TORRENT POWER LTD.","Electric Utilities","EQ","INE813H01021","532779",""
"TRENT","TRENT LTD.","Specialty Retail","EQ","INE849A01020","500251",""
"TRIDENT","TRIDENT LTD.","Textiles","EQ","INE064C01022","521064",""
"TRITURBINE","TRIVENI TURBINE LTD.","Heavy Electrical Equipment","EQ","INE152M01016","517562",""
"TTKPRESTIG","TTK PRESTIGE LTD.","Houseware","EQ","INE690A01010","517506",""
"TV18BRDCST","TV18 BROADCAST LTD.","Broadcasting & Cable TV","EQ","INE886H01027","540762",""
"TVSMOTOR","TVS MOTOR COMPANY LTD.","2/3 Wheelers","EQ","INE494B01023","540762",""
"TVTODAY","TV TODAY NETWORK LTD.","Broadcasting & Cable TV","EQ","INE038F01029","532515",""
"UBL","UNITED BREWERIES LTD.","Breweries & Distilleries","EQ","INE686F01025","526921",""
"UCOBANK","UCO BANK","Banks","EQ","INE691A01018","532505",""
"UFLEX","UFLEX LTD.","Containers & Packaging","EQ","INE516A01017","500148",""
"UFO","UFO Moviez India Ltd","Broadcasting & Cable TV","EQ","INE527H01019","539141",""
"UJJIVAN","Ujjivan Financial Services Ltd","Finance (including NBFCs)","EQ","INE334L01012","539874",""
"ULTRACEMCO","ULTRATECH CEMENT LTD.","Cement & Cement Products","EQ","INE481G01011","532538",""
"UNIONBANK","UNION BANK OF INDIA","Banks","EQ","INE692A01016","532477",""
"UPL","UPL Limited","Agrochemicals","EQ","INE628A01036","532398",""
"VAIBHAVGBL","Vaibhav Global Ltd","Other Apparels & Accessories","EQ","INE884A01019","500254",""
"VAKRANGEE","Vakrangee Limited","Specialty Retail","EQ","INE051B01021","500254",""
"VARROC","Varroc Engineering Ltd","Auto Parts & Equipment","EQ","INE665L01035","500254",""
"VBL","Varun Beverages Ltd","Non-alcoholic Beverages","EQ","INE200M01013","533576",""
"VEDL","Vedanta Limited","Aluminium","EQ","INE205A01025","500295",""
"VENKEYS","VENKYS (INDIA) LTD.","Packaged Foods","EQ","INE398A01010","523261",""
"VGUARD","V-GUARD INDUSTRIES LTD.","Other Elect.Equip./ Prod.","EQ","INE951I01027","532953",""
"VINATIORGA","VINATI ORGANICS LTD.","Commodity Chemicals","EQ","INE410B01029","524200",""
"VIPIND","V.I.P.INDUSTRIES LTD.","Other Apparels & Accessories","EQ","INE054A01027","532613",""
"VMART","V-MART RETAIL LTD.","Department Stores","EQ","INE665J01013","534976",""
"VOLTAS","VOLTAS LTD.","Consumer Electronics","EQ","INE226A01021","500575",""
"VRLLOG","VRL Logistics Ltd","Transportation - Logistics","EQ","INE366I01010","539118",""
"VSTIND","VST INDUSTRIES LTD.","Cigarettes-Tobacco Products","EQ","INE710A01016","509966",""
"VTL","VARDHMAN TEXTILES LTD.","Textiles","EQ","INE825A01012","509966",""
"WABAG","VA TECH WABAG LTD.","Utilities:Non-Elec.","EQ","INE956G01038","509966",""
"WABCOINDIA","WABCO INDIA LTD.","Auto Parts & Equipment","EQ","INE342J01019","533023",""
"WELCORP","Welspun Corp Limited","Construction & Engineering","EQ","INE191B01025","532144",""
"WELSPUNIND","WELSPUN INDIA LTD.","Textiles","EQ","INE192B01031","514162",""
"WESTLIFE","WESTLIFE DEVELOPMENT LTD.","Restaurants","EQ","INE274F01020","505412",""
"WHIRLPOOL","WHIRLPOOL OF INDIA LTD.","Consumer Electronics","EQ","INE716A01013","500238",""
"WIPRO","WIPRO LTD.","IT Consulting & Software","EQ","INE075A01022","507685",""
"WOCKPHARMA","WOCKHARDT LTD.","Pharmaceuticals","EQ","INE049B01025","532300",""
"YESBANK","YES BANK LTD.","Banks","EQ","INE528G01027","532648",""
"ZEEL","ZEE ENTERTAINMENT ENTERPRISES LTD.","Broadcasting & Cable TV","EQ","INE256A01028","505537",""
"ZENSARTECH","ZENSAR TECHNOLOGIES LTD.","IT Consulting & Software","EQ","INE520A01027","504067",""
"ZYDUSWELL","ZYDUS WELLNESS LTD.","Packaged Foods","EQ","INE768C01010","531335",""